VisualStudio.16.ServerIntPreview/16.7.0-pre.2.0+30121.114.master
2020-05-26 18:29:08.9176962	devenv	7868	1	Info	Scenario 'Set', action 'SetValueInPrivateStore', step 'SetValueInternalAsync', setting type 'PrivateSetting', setting 'ManagedProjectSystem\UsePreviewSdk', setting value type 'System.Boolean', setting size '20': *System.Boolean*True
2020-05-26 18:29:18.2149789	devenv	7868	5	Info	Getting ServiceHub settings service from client 7c5a867a-ca37-4cd3-9492-f03dba6b69f2
2020-05-26 18:29:19.4181501	devenv	7868	6	Info	PubSub event 'SettingsEvent' received
2020-05-26 18:29:19.4494050	devenv	7868	41	Info	Downloaded settings: 
2020-05-26 18:29:20.9494644	devenv	7868	1	Info	Scenario 'Set', action 'SetValueInPrivateStore', step 'SetValueInternalAsync', setting type 'OnlineSetting', setting 'Microsoft.VisualStudio.LiveShare.UserAccount', setting value type 'System.String', setting size '17': *System.String*{}
2020-05-26 18:29:20.9494644	devenv	7868	1	Info	Scenario 'Set', action 'SetValueInPrivateStore', step 'SetValueInternalAsync', setting type 'LocalSetting', setting 'Microsoft.VisualStudio.LiveShare.IsReadyForFirstShare', setting value type 'System.Boolean', setting size '21': *System.Boolean*False
2020-05-26 18:38:01.1133990	devenv	7868	1	Info	Host is shutting down; disposing RPC channel
