VisualStudio.16.ServerIntPreview/16.7.0-pre.2.0+30121.114.master
2020-05-26 18:29:19.1994064	ServiceHub.SettingsHost	3376	11	Info	Initialize Ide User context
2020-05-26 18:29:19.1994064	ServiceHub.SettingsHost	3376	11	Info	>>> Started watcher
2020-05-26 18:29:19.2150303	ServiceHub.SettingsHost	3376	11	Info	Initial IdeUser State is SignedOut
2020-05-26 18:29:19.3400179	ServiceHub.SettingsHost	3376	11	Info	SettingsController received InitAsync call from client 7c5a867a-ca37-4cd3-9492-f03dba6b69f2
2020-05-26 18:29:19.3712782	ServiceHub.SettingsHost	3376	6	Info	Processing context state change to SignedOut
2020-05-26 18:29:19.3712782	ServiceHub.SettingsHost	3376	6	Info	Resetting local state to signed-out
2020-05-26 18:29:19.3869091	ServiceHub.SettingsHost	3376	6	Info	Finished processing context state change
2020-05-26 18:29:19.4337765	ServiceHub.SettingsHost	3376	11	Info	SettingsController received GetMultipleSettingsAsync call for modifiedAfter = 313 from client 7c5a867a-ca37-4cd3-9492-f03dba6b69f2
2020-05-26 18:29:19.4494050	ServiceHub.SettingsHost	3376	11	Info	Incrementing success count for Settings.GetMultipleSettings
