VisualStudio.16.ServerIntPreview/16.7.0-pre.2.0+30121.114.master
2020-05-27 18:32:15.1503067	devenv	10580	1	Info	Scenario 'Set', action 'SetValueInPrivateStore', step 'SetValueInternalAsync', setting type 'PrivateSetting', setting 'ManagedProjectSystem\UsePreviewSdk', setting value type 'System.Boolean', setting size '20': *System.Boolean*True
2020-05-27 18:32:24.5422713	devenv	10580	39	Info	Getting ServiceHub settings service from client e6333749-7bf8-46ca-8354-455fe495dda2
2020-05-27 18:32:25.7765867	devenv	10580	35	Info	PubSub event 'SettingsEvent' received
2020-05-27 18:32:25.8234527	devenv	10580	7	Info	Downloaded settings: 
2020-05-27 18:32:27.2297730	devenv	10580	1	Info	Scenario 'Set', action 'SetValueInPrivateStore', step 'SetValueInternalAsync', setting type 'OnlineSetting', setting 'Microsoft.VisualStudio.LiveShare.UserAccount', setting value type 'System.String', setting size '17': *System.String*{}
2020-05-27 18:32:27.2453311	devenv	10580	1	Info	Scenario 'Set', action 'SetValueInPrivateStore', step 'SetValueInternalAsync', setting type 'LocalSetting', setting 'Microsoft.VisualStudio.LiveShare.IsReadyForFirstShare', setting value type 'System.Boolean', setting size '21': *System.Boolean*False
