VisualStudio.16.ServerIntPreview/16.7.0-pre.2.0+30121.114.master
2020-05-27 18:27:26.2261039	ServiceHub.SettingsHost	7416	4	Info	Initialize Ide User context
2020-05-27 18:27:26.2417263	ServiceHub.SettingsHost	7416	4	Info	>>> Started watcher
2020-05-27 18:27:26.2417263	ServiceHub.SettingsHost	7416	4	Info	Initial IdeUser State is SignedOut
2020-05-27 18:27:26.4761176	ServiceHub.SettingsHost	7416	4	Info	SettingsController received InitAsync call from client 8500b036-b0fd-41c5-bc19-2029ff6437f1
2020-05-27 18:27:26.5073561	ServiceHub.SettingsHost	7416	7	Info	Processing context state change to SignedOut
2020-05-27 18:27:26.5073561	ServiceHub.SettingsHost	7416	13	Info	Resetting local state to signed-out
2020-05-27 18:27:26.5229724	ServiceHub.SettingsHost	7416	13	Info	Finished processing context state change
2020-05-27 18:27:26.5854864	ServiceHub.SettingsHost	7416	6	Info	SettingsController received GetMultipleSettingsAsync call for modifiedAfter = 313 from client 8500b036-b0fd-41c5-bc19-2029ff6437f1
2020-05-27 18:27:26.6011135	ServiceHub.SettingsHost	7416	6	Info	Incrementing success count for Settings.GetMultipleSettings
