VisualStudio.16.ServerIntPreview/16.7.0-pre.2.0+30121.114.master
2020-05-27 18:32:25.5746057	ServiceHub.SettingsHost	9272	4	Info	Initialize Ide User context
2020-05-27 18:32:25.5890863	ServiceHub.SettingsHost	9272	4	Info	>>> Started watcher
2020-05-27 18:32:25.5890863	ServiceHub.SettingsHost	9272	4	Info	Initial IdeUser State is SignedOut
2020-05-27 18:32:25.6984502	ServiceHub.SettingsHost	9272	4	Info	SettingsController received InitAsync call from client e6333749-7bf8-46ca-8354-455fe495dda2
2020-05-27 18:32:25.7297010	ServiceHub.SettingsHost	9272	7	Info	Processing context state change to SignedOut
2020-05-27 18:32:25.7297010	ServiceHub.SettingsHost	9272	14	Info	Resetting local state to signed-out
2020-05-27 18:32:25.7453253	ServiceHub.SettingsHost	9272	14	Info	Finished processing context state change
2020-05-27 18:32:25.7922064	ServiceHub.SettingsHost	9272	17	Info	SettingsController received GetMultipleSettingsAsync call for modifiedAfter = 313 from client e6333749-7bf8-46ca-8354-455fe495dda2
2020-05-27 18:32:25.8078399	ServiceHub.SettingsHost	9272	17	Info	Incrementing success count for Settings.GetMultipleSettings
