VisualStudio.16.ServerIntPreview/16.7.0-pre.2.0+30121.114.master
2020-05-27 18:26:51.0768126	devenv	9376	1	Info	Scenario 'Set', action 'SetValueInPrivateStore', step 'SetValueInternalAsync', setting type 'PrivateSetting', setting 'ManagedProjectSystem\UsePreviewSdk', setting value type 'System.Boolean', setting size '20': *System.Boolean*True
2020-05-27 18:27:25.0386708	devenv	9376	34	Info	Getting ServiceHub settings service from client 8500b036-b0fd-41c5-bc19-2029ff6437f1
2020-05-27 18:27:26.5698577	devenv	9376	19	Info	PubSub event 'SettingsEvent' received
2020-05-27 18:27:26.6011135	devenv	9376	18	Info	Downloaded settings: 
2020-05-27 18:27:29.1231870	devenv	9376	1	Info	Scenario 'Set', action 'SetValueInPrivateStore', step 'SetValueInternalAsync', setting type 'OnlineSetting', setting 'Microsoft.VisualStudio.LiveShare.UserAccount', setting value type 'System.String', setting size '17': *System.String*{}
2020-05-27 18:27:29.1700595	devenv	9376	1	Info	Scenario 'Set', action 'SetValueInPrivateStore', step 'SetValueInternalAsync', setting type 'LocalSetting', setting 'Microsoft.VisualStudio.LiveShare.IsReadyForFirstShare', setting value type 'System.Boolean', setting size '21': *System.Boolean*False
2020-05-27 18:29:30.2335010	devenv	9376	13	Info	[StoreUpdate] setting 'VisualStudio-TerminalSettings' in 'private store (registry) for VisualStudio.16.ServerIntPreview/16.7.0-pre.2.0+30121.114.master' triggered by source 'ISettingsManager.SetValueAsync' machinelocal:False hash -584683248 value '[{"id":"0ODEOEeflArDn0dFHg2JZKPTvLAloDGKi1RjtV4X+NU=","displayName":"Developer PowerShell","location":"C:\\WINDOWS\\system32\\WindowsPowerShell\\v1.0\\powershell.exe","arguments":"-NoExit -Command \"& { Import-Module $env:VSAPPIDDIR\\..\\Tools\\Microsoft.VisualStudio.DevShell.dll}; Enter-VsDevShell -SkipAutomaticLocation -SetDefaultWindowTitle -InstallPath $env:VSAPPIDDIR\\..\\..\\","isDefault":true},{"id":"W10LkzSrDGIVL5tJhRwTE2nE5RkBdjNKYLuD9WIIx24=","displayName":"Developer Command Prompt","location":"C:\\WINDOWS\\system32\\cmd.exe","arguments":"/k \"\"%VSAPPIDDIR%\\..\\Tools\\VsDevCmd.bat\"","isDefault":false},{"id":"UWNLaSvnp+CyJCZbWAueA3KzSW2h2j6rf4rkhuoQmuo=","displayName":"Ubuntu-18.04","location":"C:\\WINDOWS\\SysNative\\wsl.exe","arguments":"-d Ubuntu-18.04","isDefault":false}]'
2020-05-27 18:29:30.2499378	devenv	9376	13	Info	Scenario 'Set', action 'SetValueInPrivateStore', step 'SetValueInternalAsync', setting type 'PrivateSetting', setting 'TerminalSettings', setting value type 'Newtonsoft.Json.Linq.JArray', setting size '798': [{"id":"0ODEOEeflArDn0dFHg2JZKPTvLAloDGKi1RjtV4X+NU=","displayName":"Developer PowerShell","location":"C:\\WINDOWS\\system32\\WindowsPowerShell\\v1.0\\powershell.exe","arguments":"-NoExit -Command \"& { Import-Module $env:VSAPPIDDIR\\..\\Tools\\Microsoft.VisualStudio.DevShell.dll}; Enter-VsDevShell -SkipAutomaticLocation -SetDefaultWindowTitle -InstallPath $env:VSAPPIDDIR\\..\\..\\","isDefault":true},{"id":"W10LkzSrDGIVL5tJhRwTE2nE5RkBdjNKYLuD9WIIx24=","displayName":"Developer Command Prompt","location":"C:\\WINDOWS\\system32\\cmd.exe","arguments":"/k \"\"%VSAPPIDDIR%\\..\\Tools\\VsDevCmd.bat\"","isDefault":false},{"id":"UWNLaSvnp+CyJCZbWAueA3KzSW2h2j6rf4rkhuoQmuo=","displayName":"Ubuntu-18.04","location":"C:\\WINDOWS\\SysNative\\wsl.exe","arguments":"-d Ubuntu-18.04","isDefault":false}]
2020-05-27 18:32:13.9323110	devenv	9376	1	Info	Host is shutting down; disposing RPC channel
