VisualStudio.16.ServerIntPreview/16.7.0-pre.2.0+30121.114.master
2020-05-26 19:09:58.1673204	ServiceHub.SettingsHost	12180	15	Info	Initialize Ide User context
2020-05-26 19:09:58.1829188	ServiceHub.SettingsHost	12180	15	Info	>>> Started watcher
2020-05-26 19:09:58.1829188	ServiceHub.SettingsHost	12180	15	Info	Initial IdeUser State is SignedOut
2020-05-26 19:09:58.2989516	ServiceHub.SettingsHost	12180	15	Info	SettingsController received InitAsync call from client 3050766c-ce79-42c0-8fa8-36dee36d8bcd
2020-05-26 19:09:58.3301301	ServiceHub.SettingsHost	12180	4	Info	Processing context state change to SignedOut
2020-05-26 19:09:58.3301301	ServiceHub.SettingsHost	12180	14	Info	Resetting local state to signed-out
2020-05-26 19:09:58.3457483	ServiceHub.SettingsHost	12180	14	Info	Finished processing context state change
2020-05-26 19:09:58.3991991	ServiceHub.SettingsHost	12180	7	Info	SettingsController received GetMultipleSettingsAsync call for modifiedAfter = 313 from client 3050766c-ce79-42c0-8fa8-36dee36d8bcd
2020-05-26 19:09:58.4148202	ServiceHub.SettingsHost	12180	7	Info	Incrementing success count for Settings.GetMultipleSettings
