VisualStudio.16.ServerIntPreview/16.7.0-pre.2.0+30121.114.master
2020-05-26 18:34:40.9476932	devenv	9888	1	Info	Scenario 'Set', action 'SetValueInPrivateStore', step 'SetValueInternalAsync', setting type 'PrivateSetting', setting 'ManagedProjectSystem\UsePreviewSdk', setting value type 'System.Boolean', setting size '20': *System.Boolean*True
2020-05-26 18:34:50.1692391	devenv	9888	37	Info	Getting ServiceHub settings service from client 16d263ec-c96c-42e2-a0a2-0dacfe836d14
2020-05-26 18:34:51.3725639	devenv	9888	39	Info	PubSub event 'SettingsEvent' received
2020-05-26 18:34:51.4038808	devenv	9888	46	Info	Downloaded settings: 
2020-05-26 18:34:53.2055410	devenv	9888	1	Info	Scenario 'Set', action 'SetValueInPrivateStore', step 'SetValueInternalAsync', setting type 'OnlineSetting', setting 'Microsoft.VisualStudio.LiveShare.UserAccount', setting value type 'System.String', setting size '17': *System.String*{}
2020-05-26 18:34:53.2211673	devenv	9888	1	Info	Scenario 'Set', action 'SetValueInPrivateStore', step 'SetValueInternalAsync', setting type 'LocalSetting', setting 'Microsoft.VisualStudio.LiveShare.IsReadyForFirstShare', setting value type 'System.Boolean', setting size '21': *System.Boolean*False
