VisualStudio.16.ServerIntPreview/16.7.0-pre.2.0+30121.114.master
2020-05-26 19:09:47.9380344	devenv	752	1	Info	Scenario 'Set', action 'SetValueInPrivateStore', step 'SetValueInternalAsync', setting type 'PrivateSetting', setting 'ManagedProjectSystem\UsePreviewSdk', setting value type 'System.Boolean', setting size '20': *System.Boolean*True
2020-05-26 19:09:57.1637137	devenv	752	28	Info	Getting ServiceHub settings service from client 3050766c-ce79-42c0-8fa8-36dee36d8bcd
2020-05-26 19:09:58.3835755	devenv	752	44	Info	PubSub event 'SettingsEvent' received
2020-05-26 19:09:58.4148202	devenv	752	42	Info	Downloaded settings: 
2020-05-26 19:10:00.2301104	devenv	752	1	Info	Scenario 'Set', action 'SetValueInPrivateStore', step 'SetValueInternalAsync', setting type 'OnlineSetting', setting 'Microsoft.VisualStudio.LiveShare.UserAccount', setting value type 'System.String', setting size '17': *System.String*{}
2020-05-26 19:10:00.2301104	devenv	752	1	Info	Scenario 'Set', action 'SetValueInPrivateStore', step 'SetValueInternalAsync', setting type 'LocalSetting', setting 'Microsoft.VisualStudio.LiveShare.IsReadyForFirstShare', setting value type 'System.Boolean', setting size '21': *System.Boolean*False
