VisualStudio.16.ServerIntPreview/16.7.0-pre.2.0+30121.114.master
2020-05-26 18:34:51.1715662	ServiceHub.SettingsHost	8420	15	Info	Initialize Ide User context
2020-05-26 18:34:51.1715662	ServiceHub.SettingsHost	8420	15	Info	>>> Started watcher
2020-05-26 18:34:51.1871917	ServiceHub.SettingsHost	8420	15	Info	Initial IdeUser State is SignedOut
2020-05-26 18:34:51.3035133	ServiceHub.SettingsHost	8420	15	Info	SettingsController received InitAsync call from client 16d263ec-c96c-42e2-a0a2-0dacfe836d14
2020-05-26 18:34:51.3256478	ServiceHub.SettingsHost	8420	4	Info	Processing context state change to SignedOut
2020-05-26 18:34:51.3256478	ServiceHub.SettingsHost	8420	4	Info	Resetting local state to signed-out
2020-05-26 18:34:51.3413125	ServiceHub.SettingsHost	8420	7	Info	Finished processing context state change
2020-05-26 18:34:51.3881862	ServiceHub.SettingsHost	8420	3	Info	SettingsController received GetMultipleSettingsAsync call for modifiedAfter = 313 from client 16d263ec-c96c-42e2-a0a2-0dacfe836d14
2020-05-26 18:34:51.4038808	ServiceHub.SettingsHost	8420	3	Info	Incrementing success count for Settings.GetMultipleSettings
